<?xml version="1.0" encoding="UTF-8" standalone="yes"?>
<securityBindings xmlns="http://www.ibm.com/xmlns/prod/websphere/200710/ws-securitybinding">
    <securityBinding name="application">
        <securityOutboundBindingConfig>
            <tokenGenerator classname="com.ibm.ws.wssecurity.wssapi.token.impl.CommonTokenGenerator" name="LTPATokenGenerator">
                <valueType uri="http://www.ibm.com/websphere/appserver/tokentype" localName="LTPAv2"/>
                <jAASConfig configName="system.wss.generate.ltpa"/>
                <callbackHandler classname="com.ibm.websphere.wssecurity.callbackhandler.LTPAGenerateCallbackHandler"/>
            </tokenGenerator>
        </securityOutboundBindingConfig>
    </securityBinding>
</securityBindings>
