<?xml version="1.0" encoding="UTF-8" standalone="yes"?>
<securityBindings xmlns="http://www.ibm.com/xmlns/prod/websphere/200710/ws-securitybinding">
	<securityBinding name="application">
		<securityInboundBindingConfig>
			<tokenConsumer classname="com.ibm.ws.wssecurity.wssapi.token.impl.CommonTokenConsumer" name="UsernameTokenConsumer">
				<valueType uri="" localName="http://docs.oasis-open.org/wss/2004/01/oasis-200401-wss-username-token-profile-1.0#UsernameToken"/>
				<jAASConfig configName="system.wss.consume.unt"/>
				<callbackHandler classname="com.ibm.websphere.wssecurity.callbackhandler.UNTConsumeCallbackHandler"/>
			</tokenConsumer>
			<tokenConsumer classname="com.ibm.ws.wssecurity.wssapi.token.impl.CommonTokenConsumer" name="LTPATokenConsumer">
				<valueType uri="http://www.ibm.com/websphere/appserver/tokentype" localName="LTPAv2"/>
				<jAASConfig configName="system.wss.consume.ltpa"/>
				<callbackHandler classname="com.ibm.websphere.wssecurity.callbackhandler.LTPAConsumeCallbackHandler"/>
			</tokenConsumer>
			<tokenConsumer classname="com.ibm.ws.wssecurity.wssapi.token.impl.CommonTokenConsumer" name="con_saml20token">
				<valueType uri="" localName="http://docs.oasis-open.org/wss/oasis-wss-saml-token-profile-1.1#SAMLV2.0"/>
				<jAASConfig configName="system.wss.consume.saml"/>
				<callbackHandler classname="com.ibm.websphere.wssecurity.callbackhandler.SAMLConsumerCallbackHandler">
					<certPathSettings>
						<trustAnyCertificate/>
					</certPathSettings>
					<properties value="Bearer" name="confirmationMethod"/>
					<properties value="http://docs.oasis-open.org/ws-sx/ws-trust/200512/Bearer" name="keyType"/>
					<properties value="name=SAMLTrustStore managementScope=(cell):PSCell1:(node):Node1" name="trustStoreRef"/>
				</callbackHandler>
			</tokenConsumer>
			<caller order="3" name="UsernameToken">
				<jAASConfig configName="system.wss.caller"/>
				<callerIdentity localName="http://docs.oasis-open.org/wss/2004/01/oasis-200401-wss-username-token-profile-1.0#UsernameToken" uri=""/>
				<trustedIdentity uri=""/>
			</caller>
			<caller order="2" name="LTPAToken">
				<jAASConfig configName="system.wss.caller"/>
				<callerIdentity localName="LTPAv2" uri="http://www.ibm.com/websphere/appserver/tokentype"/>
				<trustedIdentity uri=""/>
			</caller>
			<caller order="1" name="saml20caller">
				<jAASConfig configName="system.wss.caller"/>
				<callbackHandler classname="com.ibm.websphere.wssecurity.callbackhandler.SAMLIdAssertionCallbackHandler">
					<properties value="false" name="crossDomainIdAssertion"/>
				</callbackHandler>
				<callerIdentity localName="http://docs.oasis-open.org/wss/oasis-wss-saml-token-profile-1.1#SAMLV2.0" uri=""/>
				<trustedIdentity uri=""/>
			</caller>
		</securityInboundBindingConfig>
	</securityBinding>
</securityBindings>
