<?xml version="1.0" encoding="UTF-8" standalone="yes"?>
<wsp:Policy xmlns:wshttp="http://www.ibm.com/xmlns/prod/websphere/200609/ws-httpTransport" xmlns:wsp="http://schemas.xmlsoap.org/ws/2004/09/policy">
    <wsp:ExactlyOne>
        <wsp:All>
            <wshttp:protocolVersion>HTTP/1.1</wshttp:protocolVersion>
            <wshttp:maintainSession>no</wshttp:maintainSession>
            <wshttp:chunkTransferEnc>yes</wshttp:chunkTransferEnc>
            <wshttp:sendExpectHeader>no</wshttp:sendExpectHeader>
            <wshttp:readTimeout>300</wshttp:readTimeout>
            <wshttp:writeTimeout>300</wshttp:writeTimeout>
            <wshttp:connectTimeout>180</wshttp:connectTimeout>
            <wshttp:persistConnection>yes</wshttp:persistConnection>
            <wshttp:messageResendOnce>no</wshttp:messageResendOnce>
            <wshttp:acceptRedirectedURL>no</wshttp:acceptRedirectedURL>
            <wshttp:compressRequest>
                <wshttp:compressType name="none"/>
            </wshttp:compressRequest>
            <wshttp:compressResponse>
                <wshttp:compressType name="none"/>
            </wshttp:compressResponse>
        </wsp:All>
    </wsp:ExactlyOne>
</wsp:Policy>
