<?xml version="1.0" encoding="UTF-8"?>
<ejb-jar id="ejb-jar_ID" version="2.1" xmlns="http://java.sun.com/xml/ns/j2ee" xmlns:xsi="http://www.w3.org/2001/XMLSchema-instance" xsi:schemaLocation="http://java.sun.com/xml/ns/j2ee http://java.sun.com/xml/ns/j2ee/ejb-jar_2_1.xsd">
	<display-name>ejbProject</display-name>
	<enterprise-beans>
		<session id="EchoBean">
			<ejb-name>EchoBean</ejb-name>
			<home>ejbs.EchoBeanHome</home>
			<remote>ejbs.EchoBean</remote>
			<ejb-class>ejbs.EchoBeanBean</ejb-class>
			<session-type>Stateless</session-type>
			<transaction-type>Container</transaction-type>
		</session>
	</enterprise-beans>
	<ejb-client-jar>ejbProjectClient.jar</ejb-client-jar>
</ejb-jar>
