<?xml version="1.0" encoding="UTF-8" standalone="yes"?>
<wsp:Policy xmlns:wsp="http://schemas.xmlsoap.org/ws/2004/09/policy" xmlns:wsu="http://docs.oasis-open.org/wss/2004/01/oasis-200401-wss-wssecurity-utility-1.0.xsd" xmlns:sp="http://docs.oasis-open.org/ws-sx/ws-securitypolicy/200512" xmlns:wsa="http://schemas.xmlsoap.org/ws/2004/08/addressing" xmlns:spe="http://www.ibm.com/xmlns/prod/websphere/200605/ws-securitypolicy-ext">
    <sp:SupportingTokens>
        <wsp:Policy wsu:Id="request:LTPAToken">
            <spe:LTPAToken sp:IncludeToken="http://docs.oasis-open.org/ws-sx/ws-securitypolicy/200512/IncludeToken/Always">
                <wsp:Policy/>
            </spe:LTPAToken>
        </wsp:Policy>
    </sp:SupportingTokens>
    <sp:SupportingTokens>
        <wsp:Policy wsu:Id="request:UsernameToken10">
            <sp:UsernameToken sp:IncludeToken="http://docs.oasis-open.org/ws-sx/ws-securitypolicy/200512/IncludeToken/Always">
                <wsp:Policy>
                    <sp:WssUsernameToken10/>
                </wsp:Policy>
            </sp:UsernameToken>
        </wsp:Policy>
    </sp:SupportingTokens>
</wsp:Policy>
