<?xml version="1.0" encoding="UTF-8"?>
<log>
<message progressPoint="INITIALIZING_WORKSPACE" timestamp="1272358159750" description="The workspace is initializing."/>
<message progressPoint="IMPORTED" timestamp="1272358162593" description="serviceDeployTestModule-1.0-SNAPSHOT-sd.zip was successfully imported into the workspace."/>
<message progressPoint="BUILDING" timestamp="1272358162671" description="The serviceDeployTestModuleApp project is being created."/>
<message progressPoint="BUILDING" timestamp="1272358162671" description="The serviceDeployTestModuleWeb project is being created."/>
<message progressPoint="BUILDING" timestamp="1272358162828" description="The serviceDeployTestModule project is building."/>
<message progressPoint="BUILDING" timestamp="1272358162828" description="serviceDeployTestModule is being validated."/>
<message progressPoint="EXPORTING" timestamp="1272358164437" description="The serviceDeployTestModuleApp.ear application is being exported."/>
<message progressPoint="DEPLOYMENT_COMPLETE" timestamp="1272358164437" description="Deployment has completed."/>
</log>
