<?xml version="1.0" encoding="UTF-8" standalone="yes"?>
<securityBindings xmlns="http://www.ibm.com/xmlns/prod/websphere/200710/ws-securitybinding">
    <securityBinding name="application">
        <securityOutboundBindingConfig>
            <tokenGenerator classname="com.ibm.ws.wssecurity.wssapi.token.impl.CommonTokenGenerator" name="UsernameTokenGenerator">
                <valueType uri="" localName="http://docs.oasis-open.org/wss/2004/01/oasis-200401-wss-username-token-profile-1.0#UsernameToken"/>
                <jAASConfig configName="system.wss.generate.unt"/>
                <callbackHandler classname="com.ibm.websphere.wssecurity.callbackhandler.UNTGenerateCallbackHandler"/>
            </tokenGenerator>
        </securityOutboundBindingConfig>
    </securityBinding>
</securityBindings>
