<?xml version="1.0" encoding="UTF-8" standalone="yes"?>
<securityBindings xmlns="http://www.ibm.com/xmlns/prod/websphere/200710/ws-securitybinding">
    <securityBinding name="application">
        <securityOutboundBindingConfig>
            <tokenGenerator classname="com.ibm.ws.wssecurity.wssapi.token.impl.CommonTokenGenerator" name="saml20_generator">
                <valueType uri="" localName="http://docs.oasis-open.org/wss/oasis-wss-saml-token-profile-1.1#SAMLV2.0"/>
                <jAASConfig configName="system.wss.generate.saml"/>
                <callbackHandler classname="com.ibm.websphere.wssecurity.callbackhandler.SAMLGenerateCallbackHandler">
                    <properties value="propagation" name="tokenRequest"/>
                </callbackHandler>
            </tokenGenerator>
        </securityOutboundBindingConfig>
    </securityBinding>
</securityBindings>
