<?xml version="1.0" encoding="UTF-8" standalone="yes"?>
<wsp:Policy
        xmlns:wshttp="http://www.ibm.com/xmlns/prod/websphere/200609/ws-httpTransport"
        xmlns:wsp="http://schemas.xmlsoap.org/ws/2004/09/policy">
        <!-- Do not edit this file. -->
        <!-- This is the PolicyType for Http transport -->
        <wsp:ExactlyOne>
                <wsp:All>
                        <wshttp:readTimeout>300</wshttp:readTimeout>
                        <wshttp:writeTimeout>300</wshttp:writeTimeout>
                        <wshttp:connectTimeout>180</wshttp:connectTimeout>
                        <wshttp:persistConnection>yes</wshttp:persistConnection>
                        <wshttp:messageResendOnce>no</wshttp:messageResendOnce>
                        <wshttp:chunkTransferEnc>yes</wshttp:chunkTransferEnc>
                        <wshttp:acceptRedirectedURL>no</wshttp:acceptRedirectedURL>  
                        <wshttp:sendExpectHeader>no</wshttp:sendExpectHeader>
                        <wshttp:maintainSession>no</wshttp:maintainSession>
                        <wshttp:compressRequest>
                                <wshttp:compressType name="none"></wshttp:compressType>
                        </wshttp:compressRequest>
                        <wshttp:compressResponse>
                                <wshttp:compressType name="none"></wshttp:compressType>
                        </wshttp:compressResponse>
                        <wshttp:protocolVersion>HTTP/1.1</wshttp:protocolVersion>
                </wsp:All>
        </wsp:ExactlyOne>
</wsp:Policy>
