<?xml version="1.0" encoding="UTF-8" standalone="yes"?>
<securityBindings xmlns="http://www.ibm.com/xmlns/prod/websphere/200710/ws-securitybinding">
    <securityBinding name="application">
        <securityInboundBindingConfig>
            <tokenConsumer classname="com.ibm.ws.wssecurity.wssapi.token.impl.CommonTokenConsumer" name="UsernameTokenConsumer">
                <valueType uri="" localName="http://docs.oasis-open.org/wss/2004/01/oasis-200401-wss-username-token-profile-1.0#UsernameToken"/>
                <jAASConfig configName="system.wss.consume.unt"/>
                <callbackHandler classname="com.ibm.websphere.wssecurity.callbackhandler.UNTConsumeCallbackHandler"/>
            </tokenConsumer>
            <tokenConsumer classname="com.ibm.ws.wssecurity.wssapi.token.impl.CommonTokenConsumer" name="LTPATokenConsumer">
                <valueType uri="http://www.ibm.com/websphere/appserver/tokentype" localName="LTPAv2"/>
                <jAASConfig configName="system.wss.consume.ltpa"/>
                <callbackHandler classname="com.ibm.websphere.wssecurity.callbackhandler.LTPAConsumeCallbackHandler"/>
            </tokenConsumer>
            <caller order="2" name="UsernameToken">
                <jAASConfig configName="system.wss.caller"/>
                <callerIdentity localName="http://docs.oasis-open.org/wss/2004/01/oasis-200401-wss-username-token-profile-1.0#UsernameToken" uri=""/>
                <trustedIdentity uri=""/>
            </caller>
            <caller order="1" name="LTPAToken">
                <jAASConfig configName="system.wss.caller"/>
                <callerIdentity localName="LTPAv2" uri="http://www.ibm.com/websphere/appserver/tokentype"/>
                <trustedIdentity uri=""/>
            </caller>
        </securityInboundBindingConfig>
    </securityBinding>
</securityBindings>
